{
  "app:toggle-left-sidebar": [
    {
      "modifiers": [
        "Alt",
        "Mod"
      ],
      "key": "L"
    }
  ],
  "app:toggle-right-sidebar": [
    {
      "modifiers": [
        "Alt",
        "Mod"
      ],
      "key": "R"
    }
  ],
  "graph:open-local": [
    {
      "modifiers": [
        "Ctrl",
        "Mod"
      ],
      "key": "G"
    }
  ],
  "app:delete-file": [
    {
      "modifiers": [
        "Mod"
      ],
      "key": "Backspace"
    }
  ],
  "editor:set-heading-1": [
    {
      "modifiers": [
        "Alt",
        "Mod"
      ],
      "key": "1"
    }
  ],
  "editor:set-heading-2": [
    {
      "modifiers": [
        "Alt",
        "Mod"
      ],
      "key": "2"
    }
  ],
  "editor:set-heading-3": [
    {
      "modifiers": [
        "Alt",
        "Mod"
      ],
      "key": "3"
    }
  ],
  "editor:set-heading-4": [
    {
      "modifiers": [
        "Alt",
        "Mod"
      ],
      "key": "4"
    }
  ],
  "editor:set-heading-5": [
    {
      "modifiers": [
        "Alt",
        "Mod"
      ],
      "key": "5"
    }
  ],
  "editor:set-heading-6": [
    {
      "modifiers": [
        "Alt",
        "Mod"
      ],
      "key": "6"
    }
  ],
  "obsidian-excalidraw-plugin:insert-link-to-element": [],
  "obsidian-hider:toggle-app-ribbon": [
    {
      "modifiers": [
        "Mod"
      ],
      "key": "."
    }
  ],
  "obsidian-excalidraw-plugin:save": [],
  "global-search:open": [
    {
      "modifiers": [
        "Alt",
        "Mod",
        "Shift"
      ],
      "key": "F"
    }
  ],
  "workspace:toggle-pin": [
    {
      "modifiers": [
        "Alt",
        "Mod"
      ],
      "key": "P"
    }
  ],
  "obsidian-mind-map:app:markmap-preview": [
    {
      "modifiers": [
        "Alt",
        "Mod"
      ],
      "key": "M"
    }
  ],
  "editor:insert-tag": [
    {
      "modifiers": [
        "Alt",
        "Mod"
      ],
      "key": "T"
    }
  ],
  "bookmarks:bookmark-current-search": [
    {
      "modifiers": [
        "Alt",
        "Mod"
      ],
      "key": "B"
    }
  ],
  "bookmarks:open": [
    {
      "modifiers": [
        "Mod",
        "Shift"
      ],
      "key": "B"
    }
  ],
  "window:zoom-in": [
    {
      "modifiers": [
        "Mod"
      ],
      "key": "="
    }
  ],
  "window:zoom-out": [
    {
      "modifiers": [
        "Mod"
      ],
      "key": "-"
    }
  ],
  "obsidian-flexible-pomo:flexible-save-as-workbench": [
    {
      "modifiers": [
        "Alt",
        "Mod",
        "Shift"
      ],
      "key": "P"
    }
  ],
  "insert-template": [
    {
      "modifiers": [
        "Alt",
        "Mod",
        "Shift"
      ],
      "key": "T"
    }
  ],
  "file-explorer:move-file": [
    {
      "modifiers": [
        "Alt",
        "Mod",
        "Shift"
      ],
      "key": "M"
    }
  ],
  "file-explorer:open": [
    {
      "modifiers": [
        "Alt",
        "Mod",
        "Shift"
      ],
      "key": "B"
    }
  ],
  "slides:start": [
    {
      "modifiers": [
        "Mod"
      ],
      "key": "F5"
    }
  ],
  "obsidian-linter:lint-file": [
    {
      "modifiers": [
        "Alt",
        "Mod",
        "Shift"
      ],
      "key": "L"
    }
  ],
  "editor:unfold-all": [
    {
      "modifiers": [
        "Alt",
        "Mod"
      ],
      "key": "E"
    }
  ],
  "editor:fold-all": [
    {
      "modifiers": [
        "Alt",
        "Mod"
      ],
      "key": "C"
    }
  ],
  "nldates-obsidian:nlp-now": [],
  "nldates-obsidian:nlp-today": [
    {
      "modifiers": [
        "Alt"
      ],
      "key": "D"
    }
  ],
  "nldates-obsidian:nlp-time": [
    {
      "modifiers": [
        "Alt"
      ],
      "key": "T"
    }
  ],
  "outgoing-links:open": [
    {
      "modifiers": [
        "Alt",
        "Shift"
      ],
      "key": "O"
    }
  ],
  "backlink:open": [
    {
      "modifiers": [
        "Alt",
        "Shift"
      ],
      "key": "B"
    }
  ],
  "editor:swap-line-up": [
    {
      "modifiers": [
        "Mod"
      ],
      "key": "U"
    }
  ],
  "editor:swap-line-down": [
    {
      "modifiers": [
        "Mod",
        "Shift"
      ],
      "key": "U"
    }
  ],
  "editor:set-heading-0": [
    {
      "modifiers": [
        "Alt",
        "Mod"
      ],
      "key": "0"
    }
  ],
  "editor:insert-callout": [
    {
      "modifiers": [
        "Mod",
        "Shift"
      ],
      "key": "."
    }
  ],
  "editing-toolbar:codeblock": [
    {
      "modifiers": [
        "Mod",
        "Shift"
      ],
      "key": "`"
    }
  ],
  "theme:use-light": [
    {
      "modifiers": [
        "Alt",
        "Shift"
      ],
      "key": "L"
    }
  ],
  "theme:use-dark": [
    {
      "modifiers": [
        "Alt",
        "Shift"
      ],
      "key": "D"
    }
  ],
  "workspace:export-pdf": [
    {
      "modifiers": [
        "Alt",
        "Shift"
      ],
      "key": "E"
    }
  ],
  "workspaces:open-modal": [
    {
      "modifiers": [
        "Alt",
        "Mod"
      ],
      "key": "W"
    }
  ],
  "editor:fold-less": [
    {
      "modifiers": [
        "Alt",
        "Mod"
      ],
      "key": "="
    }
  ],
  "editor:fold-more": [
    {
      "modifiers": [
        "Alt",
        "Mod"
      ],
      "key": "-"
    }
  ],
  "app:open-vault": [
    {
      "modifiers": [
        "Alt",
        "Mod"
      ],
      "key": "V"
    }
  ],
  "notion-like-tables:create-and-embed": [
    {
      "modifiers": [
        "Alt",
        "Mod",
        "Shift"
      ],
      "key": "L"
    }
  ],
  "open-with-default-app:show": [
    {
      "modifiers": [
        "Alt",
        "Mod",
        "Shift"
      ],
      "key": "E"
    }
  ],
  "canvas:new-file": [
    {
      "modifiers": [
        "Alt",
        "Shift"
      ],
      "key": "C"
    }
  ],
  "canvas-presentation:mark-slide-number": [
    {
      "modifiers": [
        "Alt",
        "Shift"
      ],
      "key": "M"
    }
  ],
  "editor:table-col-after": [
    {
      "modifiers": [
        "Mod",
        "Shift"
      ],
      "key": "="
    }
  ],
  "editor:table-row-after": [
    {
      "modifiers": [
        "Alt",
        "Mod",
        "Shift"
      ],
      "key": "="
    }
  ],
  "editor:insert-table": [
    {
      "modifiers": [
        "Alt",
        "Shift"
      ],
      "key": "T"
    }
  ],
  "obsidian-excel-to-markdown-table:excel-to-markdown-table": [],
  "obsidian-excalidraw-plugin:excalidraw-autocreate-newtab": [
    {
      "modifiers": [
        "Alt",
        "Mod",
        "Shift"
      ],
      "key": "V"
    }
  ],
  "obsidian-footnotes:insert-named-footnote": [
    {
      "modifiers": [
        "Alt"
      ],
      "key": "-"
    }
  ],
  "obsidian-footnotes:insert-autonumbered-footnote": [
    {
      "modifiers": [
        "Alt"
      ],
      "key": "0"
    }
  ],
  "editor:toggle-source": [
    {
      "modifiers": [
        "Alt",
        "Mod",
        "Shift"
      ],
      "key": "S"
    }
  ],
  "editor:set-heading": [
    {
      "modifiers": [
        "Ctrl",
        "Mod",
        "Shift"
      ],
      "key": "F"
    }
  ],
  "outline:open": [
    {
      "modifiers": [
        "Alt",
        "Mod"
      ],
      "key": "U"
    }
  ],
  "editor:toggle-highlight": [
    {
      "modifiers": [
        "Alt",
        "Mod"
      ],
      "key": "H"
    }
  ],
  "audio-recorder:start": [
    {
      "modifiers": [
        "Alt",
        "Shift"
      ],
      "key": "R"
    }
  ],
  "audio-recorder:stop": [
    {
      "modifiers": [
        "Alt",
        "Mod",
        "Shift"
      ],
      "key": "R"
    }
  ],
  "templater-obsidian:9. Archive/Templates/1. New Note.md": [
    {
      "modifiers": [
        "Alt",
        "Mod"
      ],
      "key": "N"
    }
  ],
  "obsidian-style-settings:style-settings-class-toggle-obsidian-prism-theme-pt-focused-mode": [
    {
      "modifiers": [
        "Alt",
        "Mod"
      ],
      "key": "F11"
    }
  ],
  "workspace:toggle-stacked-tabs": [
    {
      "modifiers": [
        "Ctrl",
        "Mod",
        "Shift"
      ],
      "key": "S"
    }
  ],
  "callout-manager:manage-callouts": [
    {
      "modifiers": [
        "Alt",
        "Mod",
        "Shift"
      ],
      "key": "C"
    }
  ],
  "editor:toggle-bullet-list": [
    {
      "modifiers": [
        "Ctrl",
        "Mod",
        "Shift"
      ],
      "key": "B"
    }
  ],
  "editor:cycle-list-checklist": [
    {
      "modifiers": [
        "Ctrl",
        "Mod",
        "Shift"
      ],
      "key": "M"
    }
  ],
  "obsidian-enhancing-mindmap:Toggle to markdown or mindmap": [
    {
      "modifiers": [
        "Alt",
        "Shift"
      ],
      "key": "M"
    }
  ]
}