{
  "types": {
    "aliases": "aliases",
    "cssclasses": "multitext",
    "tags": "tags",
    "excalidraw-plugin": "text",
    "excalidraw-export-transparent": "checkbox",
    "excalidraw-mask": "checkbox",
    "excalidraw-export-dark": "checkbox",
    "excalidraw-export-padding": "number",
    "excalidraw-export-pngscale": "number",
    "excalidraw-export-embed-scene": "checkbox",
    "excalidraw-link-prefix": "text",
    "excalidraw-url-prefix": "text",
    "excalidraw-link-brackets": "checkbox",
    "excalidraw-onload-script": "text",
    "excalidraw-linkbutton-opacity": "number",
    "excalidraw-default-mode": "text",
    "excalidraw-font": "text",
    "excalidraw-font-color": "text",
    "excalidraw-border-color": "text",
    "excalidraw-css": "text",
    "excalidraw-autoexport": "text",
    "excalidraw-embeddable-theme": "text",
    "excalidraw-open-md": "checkbox",
    "created": "datetime",
    "category": "multitext",
    "rank": "number",
    "urgency": "number",
    "created-after": "date",
    "achievements": "multitext",
    "blueprint": "multitext",
    "channel": "multitext",
    "end": "date",
    "impact": "number",
    "mood": "multitext",
    "progress": "text",
    "publish": "datetime",
    "start": "date",
    "to-improve": "text",
    "genre": "multitext",
    "rating": "number",
    "avg_stars": "number",
    "feeling": "multitext",
    "source": "multitext"
  }
}