{
  "workspaces": {
    "Obsidian FLOW Entry": {
      "main": {
        "id": "ab942fd0f254d0ca",
        "type": "split",
        "children": [
          {
            "id": "59d3d44e24c27c85",
            "type": "tabs",
            "children": [
              {
                "id": "ad37673f197f7043",
                "type": "leaf",
                "pinned": true,
                "state": {
                  "type": "markdown",
                  "state": {
                    "file": "README.md",
                    "mode": "source",
                    "backlinks": true,
                    "source": false
                  },
                  "pinned": true
                }
              },
              {
                "id": "c6135b3486af3d34",
                "type": "leaf",
                "pinned": true,
                "state": {
                  "type": "markdown",
                  "state": {
                    "file": "Home.md",
                    "mode": "source",
                    "backlinks": true,
                    "source": false
                  },
                  "pinned": true
                }
              },
              {
                "id": "2af468f51bac5145",
                "type": "leaf",
                "pinned": true,
                "state": {
                  "type": "markdown",
                  "state": {
                    "file": "4. Blueprint/Obsidian FLOW Methodology.md",
                    "mode": "source",
                    "backlinks": true,
                    "source": false
                  },
                  "pinned": true
                }
              },
              {
                "id": "10552c9d7e3a4ae6",
                "type": "leaf",
                "pinned": true,
                "state": {
                  "type": "graph",
                  "state": {},
                  "pinned": true
                }
              }
            ],
            "currentTab": 3
          }
        ],
        "direction": "vertical"
      },
      "left": {
        "id": "b71da78673a00d12",
        "type": "split",
        "children": [
          {
            "id": "a82c2839e6188120",
            "type": "tabs",
            "dimension": 53.20829220138204,
            "children": [
              {
                "id": "5937c74a9416a612",
                "type": "leaf",
                "state": {
                  "type": "file-explorer",
                  "state": {
                    "sortOrder": "alphabetical"
                  }
                }
              },
              {
                "id": "74fba6d72c0302ad",
                "type": "leaf",
                "state": {
                  "type": "search",
                  "state": {
                    "query": "tag:migration",
                    "matchingCase": false,
                    "explainSearch": false,
                    "collapseAll": false,
                    "extraContext": false,
                    "sortOrder": "alphabetical"
                  }
                }
              },
              {
                "id": "90060adcb2ad0930",
                "type": "leaf",
                "state": {
                  "type": "bookmarks",
                  "state": {}
                }
              }
            ]
          },
          {
            "id": "66be9d45f09c9c3e",
            "type": "tabs",
            "dimension": 46.79170779861796,
            "children": [
              {
                "id": "bfbf1988d2ea4916",
                "type": "leaf",
                "state": {
                  "type": "tasks_timeline_view",
                  "state": {}
                }
              },
              {
                "id": "73a345c83018a0a9",
                "type": "leaf",
                "state": {
                  "type": "reminder-list",
                  "state": {}
                }
              }
            ]
          }
        ],
        "direction": "horizontal",
        "width": 447.5
      },
      "right": {
        "id": "b2a70d1e73e50140",
        "type": "split",
        "children": [
          {
            "id": "41681102ef631353",
            "type": "tabs",
            "children": [
              {
                "id": "5bfa6da26e6d3b5d",
                "type": "leaf",
                "state": {
                  "type": "calendar",
                  "state": {}
                }
              },
              {
                "id": "0ef4bfe0653f5e3f",
                "type": "leaf",
                "state": {
                  "type": "backlink",
                  "state": {
                    "collapseAll": false,
                    "extraContext": false,
                    "sortOrder": "alphabetical",
                    "showSearch": false,
                    "searchQuery": "",
                    "backlinkCollapsed": false,
                    "unlinkedCollapsed": true
                  }
                }
              },
              {
                "id": "77f9b9b972598201",
                "type": "leaf",
                "state": {
                  "type": "outgoing-link",
                  "state": {
                    "linksCollapsed": false,
                    "unlinkedCollapsed": true
                  }
                }
              },
              {
                "id": "74f0348e2fe16e65",
                "type": "leaf",
                "state": {
                  "type": "tag",
                  "state": {
                    "sortOrder": "frequency",
                    "useHierarchy": true
                  }
                }
              },
              {
                "id": "f108dd453abfe7f7",
                "type": "leaf",
                "state": {
                  "type": "all-properties",
                  "state": {
                    "sortOrder": "frequency",
                    "showSearch": false,
                    "searchQuery": ""
                  }
                }
              },
              {
                "id": "3879db93b84c6786",
                "type": "leaf",
                "state": {
                  "type": "outline",
                  "state": {}
                }
              }
            ],
            "currentTab": 5
          },
          {
            "id": "ca3b5d56810ea257",
            "type": "tabs",
            "children": [
              {
                "id": "15cbcb4fa8cff1ab",
                "type": "leaf",
                "state": {
                  "type": "localgraph",
                  "state": {
                    "options": {
                      "collapse-filter": true,
                      "search": "",
                      "localJumps": 1,
                      "localBacklinks": true,
                      "localForelinks": true,
                      "localInterlinks": false,
                      "showTags": false,
                      "showAttachments": false,
                      "hideUnresolved": false,
                      "collapse-color-groups": true,
                      "colorGroups": [],
                      "collapse-display": true,
                      "showArrow": false,
                      "textFadeMultiplier": 0,
                      "nodeSizeMultiplier": 1,
                      "lineSizeMultiplier": 1,
                      "collapse-forces": true,
                      "centerStrength": 0.518713248970312,
                      "repelStrength": 10,
                      "linkStrength": 1,
                      "linkDistance": 250,
                      "scale": 1,
                      "close": true
                    }
                  }
                }
              }
            ]
          }
        ],
        "direction": "horizontal",
        "width": 382.5
      },
      "left-ribbon": {
        "hiddenItems": {
          "switcher:Open quick switcher": false,
          "graph:Open graph view": false,
          "canvas:Create new canvas": false,
          "daily-notes:Open today's daily note": false,
          "templates:Insert template": false,
          "command-palette:Open command palette": false,
          "random-note:Open random note": false,
          "audio-recorder:Start/stop recording": false,
          "workspaces:Manage workspace layouts": false,
          "callout-manager:Insert Callout": false,
          "obsidian-excalidraw-plugin:Create new drawing": false,
          "templater-obsidian:Templater": false,
          "obsidian-projects:Open projects": false,
          "file-cleaner-redux:Clean files": false,
          "dashboard-navigator:Open dashboard navigator": false,
          "homepage:Open homepage": false
        }
      },
      "active": "10552c9d7e3a4ae6",
      "mtime": "2024-10-03T00:08:57+07:00"
    }
  },
  "active": "Obsidian FLOW Entry"
}